[
  {
    "StationID" : "9f9fd806-af88-45de-83b7-35737195a592",
    "StationName" : "Jam Bands",
    "GSelectorSettings" : {
      "GSDatabaseInfo" : {
        "Description" : "Default",
        "Guid" : "00000000-0000-0000-0000-000000000000",
        "Instance" : "",
        "Name" : "gs",
        "Server" : "CUSTOMAPP02AUE"
      },
      "GSStationInfo" : {
        "CallLetters" : "CCOMR",
        "ID" : 196,
        "LicenseExpiryDate" : "2020-08-24T23:00:00-05:00",
        "Name" : "Jam Bands - 31 Days"
      },
      "ServiceAddress" : "10.162.3.241"
    },
    "OverrideSequencerSettings" : {
      "CheckForNextHourFutureHourCount" : 2
    }
  },
  {
    "StationID" : "0967b35c-41e8-404f-b468-010d3c24f6ec",
    "StationName" : "Dance Nation 90s Radio",
    "OverrideSequencerSettings" : {
      "CheckForNextHourFutureHourCount" : 2
    },
    "GSelectorSettings" : {
      "GSDatabaseInfo" : {
        "Description" : "Default",
        "Guid" : "00000000-0000-0000-0000-000000000000",
        "Instance" : "",
        "Name" : "gs",
        "Server" : "CUSTOMAPP02AUE"
      },
      "GSStationInfo" : {
        "CallLetters" : "CCOMR",
        "ID" : 249,
        "Name" : "Dance Nation 90s Radio"
      },
      "ServiceAddress" : "10.162.3.241"
    }
  },
  {
    "StationID" : "83c171d1-0827-496b-9199-5cda44f8cba4",
    "StationName" : "iHR 2010s",
    "GSelectorSettings" : {
      "GSDatabaseInfo" : {
        "Description" : "Default",
        "Guid" : "00000000-0000-0000-0000-000000000000",
        "Instance" : "",
        "Name" : "gs",
        "Server" : "CUSTOMAPP02AUE"
      },
      "GSStationInfo" : {
        "CallLetters" : "IHC-MASTER 1",
        "ID" : 222,
        "LicenseExpiryDate" : "2020-08-24T23:00:00-05:00",
        "Name" : "iHR 2010s"
      },
      "ServiceAddress" : "10.162.3.241"
    },
    "OverrideSequencerSettings" : {
      "CheckForNextHourFutureHourCount" : 2
    }
  },
  {
    "StationID" : "b00876e2-832f-6ec2-9f05-6efca29a3fe2",
    "StationName" : "Sacred Christmas",
    "GSelectorSettings" : {
      "GSDatabaseInfo" : {
        "Description" : "Default",
        "Guid" : "00000000-0000-0000-0000-000000000000",
        "Instance" : "",
        "Name" : "gs",
        "Server" : "CUSTOMAPP02AUE"
      },
      "GSStationInfo" : {
        "CallLetters" : "CCOMR",
        "ID" : 231,
        "LicenseExpiryDate" : "2020-08-24T23:00:00-05:00",
        "Name" : "iHeartChristmas Religious"
      },
      "ServiceAddress" : "10.162.3.241"
    },
    "OverrideSequencerSettings" : {
      "CheckForNextHourFutureHourCount" : 2
    }
  },
  {
    "StationID" : "b5d908f3-c241-464e-8969-24240346c3a8",
    "StationName" : "Classic Funk",
    "GSelectorSettings" : {
      "GSDatabaseInfo" : {
        "Description" : "Default",
        "Guid" : "00000000-0000-0000-0000-000000000000",
        "Instance" : "",
        "Name" : "gs",
        "Server" : "CUSTOMAPP02AUE"
      },
      "GSStationInfo" : {
        "CallLetters" : "CCOMR",
        "ID" : 262,
        "LicenseExpiryDate" : "2020-08-24T23:00:00-05:00",
        "Name" : "Classic Funk"
      },
      "ServiceAddress" : "10.162.3.241"
    },
    "OverrideSequencerSettings" : {
      "CheckForNextHourFutureHourCount" : 2
    }
  },
  {
    "StationID" : "df19aacd-1b1c-4bdc-89da-3fab22fb2576",
    "StationName" : "Alternative Rewind Radio",
    "OverrideSequencerSettings" : {
      "CheckForNextHourFutureHourCount" : 2
    },
    "GSelectorSettings" : {
      "GSDatabaseInfo" : {
        "Description" : "Default",
        "Guid" : "00000000-0000-0000-0000-000000000000",
        "Instance" : "",
        "Name" : "gs",
        "Server" : "CUSTOMAPP02AUE"
      },
      "GSStationInfo" : {
        "CallLetters" : "CCOMR",
        "ID" : 191,
        "Name" : "Alternative Rewind Radio"
      },
      "ServiceAddress" : "10.162.3.241"
    }
  },
  {
    "StationName" : "Playstation",
    "StationID" : "ae5c3ba6-4b69-812d-63aa-fe1c53c053a1",
    "GSelectorSettings" : {
      "GSDatabaseInfo" : {
        "Description" : "Default",
        "Guid" : "00000000-0000-0000-0000-000000000000",
        "Instance" : "",
        "Name" : "gs",
        "Server" : "D-GSELZETTAAUE"
      },
      "GSStationInfo" : {
        "CallLetters" : "IHC-MASTER 1",
        "ID" : 1,
        "LicenseExpiryDate" : "2020-05-25T23:00:00-05:00",
        "Name" : "iHR 2010s"
      },
      "ServiceAddress" : "10.163.4.234"
    },
    "OverrideSequencerSettings" : {
      "CheckForNextHourFutureHourCount" : 2
    }
  },
  {
    "StationName" : "Florabama",
    "StationID" : "8187eda1-2d82-16f3-a8bb-df36c63d03f8",
    "GSelectorSettings" : {
      "GSDatabaseInfo" : {
        "Description" : "Default",
        "Guid" : "00000000-0000-0000-0000-000000000000",
        "Instance" : "",
        "Name" : "gs",
        "Server" : "DIGITALCEN01AUE"
      },
      "GSStationInfo" : {
        "CallLetters" : "IHEARTMEDIA6",
        "ID" : 2,
        "LicenseExpiryDate" : "2020-09-20T23:00:00-05:00",
        "Name" : "Florabama Radio"
      },
      "ServiceAddress" : "10.162.3.171"
    },
    "OverrideSequencerSettings" : {
      "CheckForNextHourFutureHourCount" : 2
    }
  },
  {
    "StationName" : "Country Workout",
    "StationID" : "7dd0fdac-9216-6c73-626d-6a6804992fcb",
    "GSelectorSettings" : {
      "GSDatabaseInfo" : {
        "Description" : "Default",
        "Guid" : "00000000-0000-0000-0000-000000000000",
        "Instance" : "",
        "Name" : "gs",
        "Server" : "DIGITALCEN01AUE"
      },
      "GSStationInfo" : {
        "CallLetters" : "IHEARTMEDIA6",
        "ID" : 5,
        "LicenseExpiryDate" : "2020-07-05T23:00:00-05:00",
        "Name" : "Country Workout Radio"
      },
      "ServiceAddress" : "10.162.3.171"
    },
    "OverrideSequencerSettings" : {
      "CheckForNextHourFutureHourCount" : 2
    }
  },

  {
    "StationName" : "Spa",
    "StationID" : "63b5a001-320f-4a19-d808-e179dfcf2bd4",
    "GSelectorSettings" : {
      "GSDatabaseInfo" : {
        "Description" : "Default",
        "Guid" : "00000000-0000-0000-0000-000000000000",
        "Instance" : "",
        "Name" : "gs",
        "Server" : "CUSTOMAPP02AUE"
      },
      "GSStationInfo" : {
        "CallLetters" : "CCOMR",
        "ID" : 197,
        "LicenseExpiryDate" : "2020-08-24T23:00:00-05:00",
        "Name" : "Spa - 31 Days"
      },
      "ServiceAddress" : "10.162.3.241"
    },
    "OverrideSequencerSettings" : {
      "CheckForNextHourFutureHourCount" : 2
    }
  },

  {
    "StationName" : "Imaginate Radio",
    "GSelectorSettings" : {
      "ServiceAddress" : "10.162.3.171",
      "GSDatabaseInfo" : {
        "Server" : "DIGITALCEN01AUE",
        "Name" : "gs",
        "Guid" : "00000000-0000-0000-0000-000000000000",
        "Instance" : "",
        "Description" : "Default"
      },
      "GSStationInfo" : {
        "ID" : 6,
        "CallLetters" : "IHEARTMEDIA6",
        "Name" : "Imaginate Radio",
        "LicenseExpiryDate" : "2020-07-14T23:00:00-05:00"
      }
    },
    "StationID" : "44c090ac-6131-1e03-43db-3a8e91d88aa4",
    "OverrideSequencerSettings" : {
      "CheckForNextHourFutureHourCount" : 2
    }
  },

  {
    "StationName" : "iHeartChristmas R&B",
    "StationID" : "a3876ce3-4f14-b464-927a-35575daf09eb",
    "OverrideSequencerSettings" : {
      "CheckForNextHourFutureHourCount" : 2
    },
    "GSelectorSettings" : {
      "GSDatabaseInfo" : {
        "Description" : "Default",
        "Guid" : "00000000-0000-0000-0000-000000000000",
        "Instance" : "",
        "Name" : "gs",
        "Server" : "CUSTOMAPP02AUE"
      },
      "GSStationInfo" : {
        "CallLetters" : "CCOMR",
        "ID" : 267,
        "Name" : "iHeartChristmas Soul"
      },
      "ServiceAddress" : "10.162.3.241"
    }
  },

  {
    "StationName" : "One Hit Wonder Radio",
    "StationID" : "5c61f65b-de3b-2662-7fa0-b0596f6123e1",
    "GSelectorSettings" : {
      "GSDatabaseInfo" : {
        "Description" : "Default",
        "Guid" : "00000000-0000-0000-0000-000000000000",
        "Instance" : "",
        "Name" : "gs",
        "Server" : "CUSTOMAPP02AUE"
      },
      "GSStationInfo" : {
        "CallLetters" : "CCOMR",
        "ID" : 116,
        "LicenseExpiryDate" : "2020-08-24T23:00:00-05:00",
        "Name" : "1 Hit Wonder"
      },
      "ServiceAddress" : "10.162.3.241"
    },
    "OverrideSequencerSettings" : {
      "CheckForNextHourFutureHourCount" : 2
    }
  },


  {
    "StationName" : "Christmas Jazz",
    "StationID" : "6868d331-c3ef-d416-daef-31e8aefdee67",
    "GSelectorSettings" : {
      "GSDatabaseInfo" : {
        "Description" : "Default",
        "Guid" : "00000000-0000-0000-0000-000000000000",
        "Instance" : "",
        "Name" : "gs",
        "Server" : "CUSTOMAPP02AUE"
      },
      "GSStationInfo" : {
        "CallLetters" : "CCOMR",
        "ID" : 230,
        "LicenseExpiryDate" : "2020-08-24T23:00:00-05:00",
        "Name" : "iHeartChristmas Jazz"
      },
      "ServiceAddress" : "10.162.3.241"
    },
    "OverrideSequencerSettings" : {
      "CheckForNextHourFutureHourCount" : 2
    }
  },

  {
    "StationName" : "iHeartCountry Moms",
    "StationID" : "55c958d7-7c5b-6a50-4233-0124dddeee9b",
    "GSelectorSettings" : {
      "GSDatabaseInfo" : {
        "Description" : "Default",
        "Guid" : "00000000-0000-0000-0000-000000000000",
        "Instance" : "",
        "Name" : "gs",
        "Server" : "DIGITALCEN01AUE"
      },
      "GSStationInfo" : {
        "CallLetters" : "IHEARTMEDIA6",
        "ID" : 15,
        "LicenseExpiryDate" : "2020-08-11T23:00:00-05:00",
        "Name" : "iHeartCountry Moms"
      },
      "ServiceAddress" : "10.162.3.171"
    },
    "OverrideSequencerSettings" : {
      "CheckForNextHourFutureHourCount" : 2
    }
  },

  {
    "StationName" : "iHeartMoms",
    "StationID" : "5049e27d-a341-5bcf-070f-648418f54848",
    "GSelectorSettings" : {
      "GSDatabaseInfo" : {
        "Description" : "Default",
        "Guid" : "00000000-0000-0000-0000-000000000000",
        "Instance" : "",
        "Name" : "gs",
        "Server" : "DIGITALCEN01AUE"
      },
      "GSStationInfo" : {
        "CallLetters" : "IHEARTMEDIA6",
        "ID" : 14,
        "LicenseExpiryDate" : "2020-08-11T23:00:00-05:00",
        "Name" : "iHeartMoms"
      },
      "ServiceAddress" : "10.162.3.171"
    },
    "OverrideSequencerSettings" : {
      "CheckForNextHourFutureHourCount" : 2
    }
  },

  {
    "StationName" : "Mix San Antonio",
    "StationID" : "68e6433f-5d02-7c22-f332-3254fc1187ae",
    "GSelectorSettings" : {
      "GSDatabaseInfo" : {
        "Description" : "Default",
        "Guid" : "00000000-0000-0000-0000-000000000000",
        "Instance" : "",
        "Name" : "gs",
        "Server" : "DIGITALCEN01AUE"
      },
      "GSStationInfo" : {
        "CallLetters" : "IHEARTMEDIA6",
        "ID" : 16,
        "LicenseExpiryDate" : "2020-08-05T23:00:00-05:00",
        "Name" : "SanAntonio, TX\\KXXM-HD2"
      },
      "ServiceAddress" : "10.162.3.171"
    },
    "OverrideSequencerSettings" : {
      "CheckForNextHourFutureHourCount" : 2
    }
  },

  {
    "StationName" : "KZEP HD2 Classic Rock San Antonio",
    "StationID" : "a74762d9-a9e7-59e1-2dee-ab975010a1e4",
    "GSelectorSettings" : {
      "GSDatabaseInfo" : {
        "Description" : "Default",
        "Guid" : "00000000-0000-0000-0000-000000000000",
        "Instance" : "",
        "Name" : "gs",
        "Server" : "DIGITALCEN01AUE"
      },
      "GSStationInfo" : {
        "CallLetters" : "IHEARTMEDIA6",
        "ID" : 20,
        "LicenseExpiryDate" : "2020-08-11T23:00:00-05:00",
        "Name" : "San Antonio, TX\\KZEP-HD2"
      },
      "ServiceAddress" : "10.162.3.171"
    },
    "OverrideSequencerSettings" : {
      "CheckForNextHourFutureHourCount" : 2
    }
  },

  {
    "StationName" : "Halloween Radio",
    "StationID" : "8f9976b3-6208-dfa2-6cee-fd45ab6e57be",
    "GSelectorSettings" : {
      "GSDatabaseInfo" : {
        "Description" : "Default",
        "Guid" : "00000000-0000-0000-0000-000000000000",
        "Instance" : "",
        "Name" : "gs",
        "Server" : "DIGITALCEN01AUE"
      },
      "GSStationInfo" : {
        "CallLetters" : "IHEARTMEDIA6",
        "ID" : 18,
        "LicenseExpiryDate" : "2020-08-05T23:00:00-05:00",
        "Name" : "Halloween Radio"
      },
      "ServiceAddress" : "10.162.3.171"
    },
    "OverrideSequencerSettings" : {
      "CheckForNextHourFutureHourCount" : 2
    }
  },

  {
    "StationName" : "iHeartRadio Bluegrass",
    "StationID" : "7bf65dc2-f7b0-3f7e-4096-14b59844eaa3",
    "GSelectorSettings" : {
      "GSDatabaseInfo" : {
        "Description" : "Default",
        "Guid" : "00000000-0000-0000-0000-000000000000",
        "Instance" : "",
        "Name" : "gs",
        "Server" : "CUSTOMAPP02AUE"
      },
      "GSStationInfo" : {
        "CallLetters" : "CCOMR",
        "ID" : 185,
        "LicenseExpiryDate" : "2020-08-24T23:00:00-05:00",
        "Name" : "Bluegrass"
      },
      "ServiceAddress" : "10.162.3.241"
    },
    "OverrideSequencerSettings" : {
      "CheckForNextHourFutureHourCount" : 2
    }
  },

  {
    "StationName" : "Find Your MBC Voice Radio",
    "StationID" : "feae998f-8266-0109-1224-1e9dd9ef55c2",
    "GSelectorSettings" : {
      "GSDatabaseInfo" : {
        "Description" : "Default",
        "Guid" : "00000000-0000-0000-0000-000000000000",
        "Instance" : "",
        "Name" : "gs",
        "Server" : "DIGITALCEN01AUE"
      },
      "GSStationInfo" : {
        "CallLetters" : "IHEARTMEDIA6",
        "ID" : 19,
        "LicenseExpiryDate" : "2020-08-11T23:00:00-05:00",
        "Name" : "Pfizer"
      },
      "ServiceAddress" : "10.162.3.171"
    },
    "OverrideSequencerSettings" : {
      "CheckForNextHourFutureHourCount" : 2
    }
  },

  {
    "StationName" : "Eclectic Rock Radio",
    "StationID" : "4afe6815-1d4b-fec2-f567-bc5c30003a97",
    "GSelectorSettings" : {
      "GSDatabaseInfo" : {
        "Description" : "Default",
        "Guid" : "00000000-0000-0000-0000-000000000000",
        "Instance" : "",
        "Name" : "gs",
        "Server" : "CUSTOMAPP02AUE"
      },
      "GSStationInfo" : {
        "CallLetters" : "CCOMR",
        "ID" : 151,
        "LicenseExpiryDate" : "2020-08-24T23:00:00-05:00",
        "Name" : "Eclectic"
      },
      "ServiceAddress" : "10.162.3.241"
    },
    "OverrideSequencerSettings" : {
      "CheckForNextHourFutureHourCount" : 2
    }
  },

  {
    "StationName" : "North Pole Radio",
    "GSelectorSettings" : {
      "ServiceAddress" : "10.162.3.241",
      "GSDatabaseInfo" : {
        "Server" : "CUSTOMAPP02AUE",
        "Name" : "gs",
        "Guid" : "00000000-0000-0000-0000-000000000000",
        "Instance" : "",
        "Description" : "Default"
      },
      "GSStationInfo" : {
        "ID" : 125,
        "CallLetters" : "CCOMR",
        "Name" : "North Pole",
        "LicenseExpiryDate" : "2020-08-24T23:00:00-05:00"
      }
    },
    "StationID" : "591a68f4-9cb3-af1e-c894-dc013ed119b2",
    "OverrideSequencerSettings" : {
      "CheckForNextHourFutureHourCount" : 2
    }
  },

  {
    "StationName" : "RS CR Test",
    "StationID" : "c761d8e0-7156-764e-bf31-d2e0364e232f",
    "GSelectorSettings" : {
      "GSDatabaseInfo" : {
        "Description" : "Default",
        "Guid" : "00000000-0000-0000-0000-000000000000",
        "Instance" : "",
        "Name" : "gs",
        "Server" : "DIGITALCEN01AUE"
      },
      "GSStationInfo" : {
        "CallLetters" : "IHEARTMEDIA6",
        "ID" : 21,
        "LicenseExpiryDate" : "2020-09-06T23:00:00-05:00",
        "Name" : "Speicher"
      },
      "ServiceAddress" : "10.162.3.171"
    },
    "OverrideSequencerSettings" : {
      "CheckForNextHourFutureHourCount" : 2
    }
  },

  {
    "StationName" : "Texas Red Dirt Radio",
    "StationID" : "a0aa104d-7bb1-5a65-aa47-7abbe73d38a4",
    "GSelectorSettings" : {
      "GSDatabaseInfo" : {
        "Description" : "Default",
        "Guid" : "00000000-0000-0000-0000-000000000000",
        "Instance" : "",
        "Name" : "gs",
        "Server" : "CUSTOMAPP02AUE"
      },
      "GSStationInfo" : {
        "CallLetters" : "CCOMR",
        "ID" : 188,
        "LicenseExpiryDate" : "2020-08-24T23:00:00-05:00",
        "Name" : "Texas Red Dirt Radio"
      },
      "ServiceAddress" : "10.162.3.241"
    }
  },

  {
    "StationName" : "Yacht Rock",
    "StationID" : "aefadcb4-1751-ca5e-a96f-79c8b94adea5",
    "GSelectorSettings" : {
      "GSDatabaseInfo" : {
        "Description" : "Default",
        "Guid" : "00000000-0000-0000-0000-000000000000",
        "Instance" : "",
        "Name" : "gs",
        "Server" : "DIGITALCEN01AUE"
      },
      "GSStationInfo" : {
        "CallLetters" : "IHEARTMEDIA6",
        "ID" : 24,
        "Name" : "Yacht Rock"
      },
      "ServiceAddress" : "10.162.3.171"
    }
  },

  {
    "StationName" : "Highwaymen Radio",
    "StationID" : "e1b824f9-ca55-a3e0-a1d2-9fddfbce5ee2",
    "GSelectorSettings" : {
      "GSDatabaseInfo" : {
        "Description" : "Default",
        "Guid" : "00000000-0000-0000-0000-000000000000",
        "Instance" : "",
        "Name" : "gs",
        "Server" : "CUSTOMAPP02AUE"
      },
      "GSStationInfo" : {
        "CallLetters" : "CCOMR",
        "ID" : 153,
        "Name" : "Highwaymen Radio"
      },
      "ServiceAddress" : "10.162.3.241"
    }
  },

  {
    "StationName" : "iHeart70s Radio",
    "StationID" : "b1c53247-443e-35b3-4e20-353158129ad4",
    "GSelectorSettings" : {
      "GSDatabaseInfo" : {
        "Description" : "Default",
        "Guid" : "00000000-0000-0000-0000-000000000000",
        "Instance" : "",
        "Name" : "gs",
        "Server" : "CUSTOMAPP02AUE"
      },
      "GSStationInfo" : {
        "CallLetters" : "CCOMR",
        "ID" : 234,
        "Name" : "iHR 70s"
      },
      "ServiceAddress" : "10.162.3.241"
    }
  },

  {
    "StationName" : "iHeartChristmas Rock",
    "StationID" : "7ac5671d-b662-a4f5-6649-6de7df887774",
    "GSelectorSettings" : {
      "GSDatabaseInfo" : {
        "Description" : "Default",
        "Guid" : "00000000-0000-0000-0000-000000000000",
        "Instance" : "",
        "Name" : "gs",
        "Server" : "CUSTOMAPP02AUE"
      },
      "GSStationInfo" : {
        "CallLetters" : "CCOMR",
        "ID" : 242,
        "Name" : "iHeartChristmas Rock - Zetta Auto Schedule"
      },
      "ServiceAddress" : "10.162.3.241"
    }
  },

  {
    "StationID" : "ecc8212a-f318-4e1d-b1fb-e8a516f364b4",
    "StationName" : "Kids Club Radio",
    "GSelectorSettings" : {
      "GSDatabaseInfo" : {
        "Description" : "Default",
        "Guid" : "00000000-0000-0000-0000-000000000000",
        "Instance" : "",
        "Name" : "gs",
        "Server" : "CUSTOMAPP02AUE"
      },
      "GSStationInfo" : {
        "CallLetters" : "CCOMR",
        "ID" : 93,
        "Name" : "Kids Club"
      },
      "ServiceAddress" : "10.162.3.241"
    }
  },

  {
    "StationID" : "6014e2eb-f196-46fe-be8f-43ac9d1ad257",
    "StationName" : "Fly Nation Radio",
    "GSelectorSettings" : {
      "GSDatabaseInfo" : {
        "Description" : "Default",
        "Guid" : "00000000-0000-0000-0000-000000000000",
        "Instance" : "",
        "Name" : "gs",
        "Server" : "CUSTOMAPP02AUE"
      },
      "GSStationInfo" : {
        "CallLetters" : "CCOMR",
        "ID" : 124,
        "Name" : "Fly Nation"
      },
      "ServiceAddress" : "10.162.3.241"
    }
  },

  {
    "StationID" : "d6fe7e11-19e6-489e-9a0c-2427f4f96223",
    "StationName" : "The Nashville Channel",
    "GSelectorSettings" : {
      "GSDatabaseInfo" : {
        "Description" : "Default",
        "Guid" : "00000000-0000-0000-0000-000000000000",
        "Instance" : "",
        "Name" : "gs",
        "Server" : "CUSTOMAPP02AUE"
      },
      "GSStationInfo" : {
        "CallLetters" : "CCOMR",
        "ID" : 250,
        "Name" : "Nashville Channel"
      },
      "ServiceAddress" : "10.162.3.241"
    }
  },

  {
    "StationID" : "28802cb0-396e-442c-8ae1-317b24cf76f9",
    "StationName" : "Lost 80s",
    "GSelectorSettings" : {
      "GSDatabaseInfo" : {
        "Description" : "Default",
        "Guid" : "00000000-0000-0000-0000-000000000000",
        "Instance" : "",
        "Name" : "gs",
        "Server" : "CUSTOMAPP02AUE"
      },
      "GSStationInfo" : {
        "CallLetters" : "CCOMR",
        "ID" : 238,
        "Name" : "Lost 80s"
      },
      "ServiceAddress" : "10.162.3.241"
    }
  },

  {
    "StationID" : "1bc2bb6c-b724-40ee-b8c2-c8143a27b1ec",
    "StationName" : "iHeart50s Radio",
    "GSelectorSettings" : {
      "GSDatabaseInfo" : {
        "Description" : "Default",
        "Guid" : "00000000-0000-0000-0000-000000000000",
        "Instance" : "",
        "Name" : "gs",
        "Server" : "CUSTOMAPP02AUE"
      },
      "GSStationInfo" : {
        "CallLetters" : "CCOMR",
        "ID" : 232,
        "Name" : "iHR 50s"
      },
      "ServiceAddress" : "10.162.3.241"
    }
  },

  {
    "StationID" : "334bf8bf-4642-4b3e-99b3-91e90fbfe6b4",
    "StationName" : "iHeart60s Radio",
    "GSelectorSettings" : {
      "GSDatabaseInfo" : {
        "Description" : "Default",
        "Guid" : "00000000-0000-0000-0000-000000000000",
        "Instance" : "",
        "Name" : "gs",
        "Server" : "CUSTOMAPP02AUE"
      },
      "GSStationInfo" : {
        "CallLetters" : "CCOMR",
        "ID" : 233,
        "Name" : "iHR 60s"
      },
      "ServiceAddress" : "10.162.3.241"
    }
  },

  {
    "StationID" : "5d7a5070-6c48-4f35-b6b9-7e8e408e5d43",
    "StationName" : "Classic Soul",
    "GSelectorSettings" : {
      "GSDatabaseInfo" : {
        "Description" : "Default",
        "Guid" : "00000000-0000-0000-0000-000000000000",
        "Instance" : "",
        "Name" : "gs",
        "Server" : "CUSTOMAPP02AUE"
      },
      "GSStationInfo" : {
        "CallLetters" : "CCOMR",
        "ID" : 174,
        "Name" : "Classic Soul - Zetta Cloud Auto Schedule"
      },
      "ServiceAddress" : "10.162.3.241"
    }
  },

  {
    "StationID" : "acf5dfd9-8808-4912-9d4e-d8bf7f84a316",
    "StationName" : "Coffee Shop Radio",
    "GSelectorSettings" : {
      "GSDatabaseInfo" : {
        "Description" : "Default",
        "Guid" : "00000000-0000-0000-0000-000000000000",
        "Instance" : "",
        "Name" : "gs",
        "Server" : "CUSTOMAPP02AUE"
      },
      "GSStationInfo" : {
        "CallLetters" : "CCOMR",
        "ID" : 118,
        "Name" : "Coffee Shop Radio"
      },
      "ServiceAddress" : "10.162.3.241"
    }
  },

  {
    "StationName" : "Hit Nation Junior",
    "StationID" : "92b16295-69be-be0f-ff4c-7960d028a83b",
    "GSelectorSettings" : {
      "GSDatabaseInfo" : {
        "Description" : "Default",
        "Guid" : "00000000-0000-0000-0000-000000000000",
        "Instance" : "",
        "Name" : "gs",
        "Server" : "CUSTOMAPP02AUE"
      },
      "GSStationInfo" : {
        "CallLetters" : "CCOMR",
        "ID" : 208,
        "Name" : "Hit Nation Jr."
      },
      "ServiceAddress" : "10.162.3.241"
    }
  },

  {
    "StationID" : "e25d2158-fb62-4cb0-a2a6-b78c5a628dfc",
    "StationName" : "Classical Highlights",
    "GSelectorSettings" : {
      "GSDatabaseInfo" : {
        "Description" : "Default",
        "Guid" : "00000000-0000-0000-0000-000000000000",
        "Instance" : "",
        "Name" : "gs",
        "Server" : "CUSTOMAPP02AUE"
      },
      "GSStationInfo" : {
        "CallLetters" : "CCOMR",
        "ID" : 190,
        "Name" : "Classical Highlights - 31 Days"
      },
      "ServiceAddress" : "10.162.3.241"
    }
  },

  {
    "StationID" : "f13f20e7-3c3d-4a9f-b319-b71d5754f286",
    "StationName" : "Vinyl Classic Rock",
    "GSelectorSettings" : {
      "GSDatabaseInfo" : {
        "Description" : "Default",
        "Guid" : "00000000-0000-0000-0000-000000000000",
        "Instance" : "",
        "Name" : "gs",
        "Server" : "CUSTOMAPP02AUE"
      },
      "GSStationInfo" : {
        "CallLetters" : "CCOMR",
        "ID" : 175,
        "Name" : "Vinyl Classic Rock - Zetta Auto Schedule"
      },
      "ServiceAddress" : "10.162.3.241"
    }
  },

  {
    "StationID" : "7dad6516-2b88-424a-bdfc-21a396417f9b",
    "StationName" : "Rock Workout Radio",
    "GSelectorSettings" : {
      "GSDatabaseInfo" : {
        "Description" : "Default",
        "Guid" : "00000000-0000-0000-0000-000000000000",
        "Instance" : "",
        "Name" : "gs",
        "Server" : "CUSTOMAPP02AUE"
      },
      "GSStationInfo" : {
        "CallLetters" : "CCOMR",
        "ID" : 166,
        "Name" : "Workout Rock"
      },
      "ServiceAddress" : "10.162.3.241"
    }
  },

  {
    "StationID" : "54737afa-223b-4fb1-8304-d9cb1df7e9ba",
    "StationName" : "iHeartRadio Freestyle",
    "GSelectorSettings" : {
      "GSDatabaseInfo" : {
        "Description" : "Default",
        "Guid" : "00000000-0000-0000-0000-000000000000",
        "Instance" : "",
        "Name" : "gs",
        "Server" : "CUSTOMAPP02AUE"
      },
      "GSStationInfo" : {
        "CallLetters" : "CCOMR",
        "ID" : 207,
        "Name" : "Freestyle - Zetta Auto Schedule"
      },
      "ServiceAddress" : "10.162.3.241"
    }
  },

  {
    "StationID" : "6106a37b-3b80-49f6-9cab-7f28c712f178",
    "StationName" : "24/7 Black Comedy",
    "GSelectorSettings" : {
      "GSDatabaseInfo" : {
        "Description" : "Default",
        "Guid" : "00000000-0000-0000-0000-000000000000",
        "Instance" : "",
        "Name" : "gs",
        "Server" : "CUSTOMAPP02AUE"
      },
      "GSStationInfo" : {
        "CallLetters" : "CCOMR",
        "ID" : 257,
        "Name" : "24/7 Comedy Radio Urban"
      },
      "ServiceAddress" : "10.162.3.241"
    }
  },

  {
    "StationID" : "d0b5475a-af64-454b-84bf-af42b6bc00db",
    "StationName" : "The Vinyl Experience",
    "GSelectorSettings" : {
      "GSDatabaseInfo" : {
        "Description" : "Default",
        "Guid" : "00000000-0000-0000-0000-000000000000",
        "Instance" : "",
        "Name" : "gs",
        "Server" : "CUSTOMAPP02AUE"
      },
      "GSStationInfo" : {
        "CallLetters" : "CCOMR",
        "ID" : 142,
        "Name" : "Vinyl Experience"
      },
      "ServiceAddress" : "10.162.3.241"
    }
  },

  {
    "StationID" : "a120fec4-e3f7-4f49-8ca8-3f324d23ffdc",
    "StationName" : "Christian Country",
    "GSelectorSettings" : {
      "GSDatabaseInfo" : {
        "Description" : "Default",
        "Guid" : "00000000-0000-0000-0000-000000000000",
        "Instance" : "",
        "Name" : "gs",
        "Server" : "CUSTOMAPP02AUE"
      },
      "GSStationInfo" : {
        "CallLetters" : "CCOMR",
        "ID" : 227,
        "Name" : "CHRISTIAN COUNTRY"
      },
      "ServiceAddress" : "10.162.3.241"
    }
  },

  {
    "StationID" : "1cb45c3c-7e5c-493a-98fa-00b4ba794b5c",
    "StationName" : "Love Songs Radio",
    "GSelectorSettings" : {
      "GSDatabaseInfo" : {
        "Description" : "Default",
        "Guid" : "00000000-0000-0000-0000-000000000000",
        "Instance" : "",
        "Name" : "gs",
        "Server" : "CUSTOMAPP02AUE"
      },
      "GSStationInfo" : {
        "CallLetters" : "CCOMR",
        "ID" : 137,
        "Name" : "Love Songs"
      },
      "ServiceAddress" : "10.162.3.241"
    }
  },

  {
    "StationID" : "2cf2c6e1-e1fe-4221-ac74-ecfd2b435853",
    "StationName" : "iRie Radio",
    "GSelectorSettings" : {
      "GSDatabaseInfo" : {
        "Description" : "Default",
        "Guid" : "00000000-0000-0000-0000-000000000000",
        "Instance" : "",
        "Name" : "gs",
        "Server" : "CUSTOMAPP02AUE"
      },
      "GSStationInfo" : {
        "CallLetters" : "CCOMR",
        "ID" : 134,
        "Name" : "iRie Radio"
      },
      "ServiceAddress" : "10.162.3.241"
    }
  },

  {
    "StationID" : "6d7ecd2f-97db-451a-9f10-9222d82d23cf",
    "StationName" : "Trancid",
    "GSelectorSettings" : {
      "GSDatabaseInfo" : {
        "Description" : "Default",
        "Guid" : "00000000-0000-0000-0000-000000000000",
        "Instance" : "",
        "Name" : "gs",
        "Server" : "CUSTOMAPP02AUE"
      },
      "GSStationInfo" : {
        "CallLetters" : "CCOMR",
        "ID" : 189,
        "Name" : "Trancid - Auto Schedule"
      },
      "ServiceAddress" : "10.162.3.241"
    }
  },


  {
    "StationID" : "a196912a-6134-43b2-86f5-ce0f50fdd3d8",
    "StationName" : "The Standard Radio",
    "GSelectorSettings" : {
      "GSDatabaseInfo" : {
        "Description" : "Default",
        "Guid" : "00000000-0000-0000-0000-000000000000",
        "Instance" : "",
        "Name" : "gs",
        "Server" : "CUSTOMAPP02AUE"
      },
      "GSStationInfo" : {
        "CallLetters" : "CCOMR",
        "ID" : 133,
        "Name" : "The Standard - Zetta Auto Schedule"
      },
      "ServiceAddress" : "10.162.3.241"
    }
  },

  {
    "StationID" : "eac71cb8-46e0-43e0-a77e-c9286345b373",
    "StationName" : "Vinyl Jazz",
    "GSelectorSettings" : {
      "GSDatabaseInfo" : {
        "Description" : "Default",
        "Guid" : "00000000-0000-0000-0000-000000000000",
        "Instance" : "",
        "Name" : "gs",
        "Server" : "CUSTOMAPP02AUE"
      },
      "GSStationInfo" : {
        "CallLetters" : "CCOMR",
        "ID" : 177,
        "Name" : "Vinyl Jazz"
      },
      "ServiceAddress" : "10.162.3.241"
    }
  },

  {
    "StationID" : "79efc405-43fb-4aa0-a504-c4822d2e81f0",
    "StationName" : "Gran Torino Radio",
    "GSelectorSettings" : {
      "GSDatabaseInfo" : {
        "Description" : "Default",
        "Guid" : "00000000-0000-0000-0000-000000000000",
        "Instance" : "",
        "Name" : "gs",
        "Server" : "CUSTOMAPP02AUE"
      },
      "GSStationInfo" : {
        "CallLetters" : "CCOMR",
        "ID" : 265,
        "Name" : "Gran Torino"
      },
      "ServiceAddress" : "10.162.3.241"
    }
  },

  {
    "StationID" : "dc4303a5-d0bc-4a4b-883b-e66aea2aa102",
    "StationName" : "Funkytown Radio",
    "GSelectorSettings" : {
      "GSDatabaseInfo" : {
        "Description" : "Default",
        "Guid" : "00000000-0000-0000-0000-000000000000",
        "Instance" : "",
        "Name" : "gs",
        "Server" : "CUSTOMAPP02AUE"
      },
      "GSStationInfo" : {
        "CallLetters" : "CCOMR",
        "ID" : 263,
        "Name" : "Funkytown"
      },
      "ServiceAddress" : "10.162.3.241"
    }
  },

  {
    "StationID" : "3b6ff424-3f70-4c66-9489-bce4942e96c5",
    "StationName" : "iHeartChristmas Classics",
    "GSelectorSettings" : {
      "GSDatabaseInfo" : {
        "Description" : "Default",
        "Guid" : "00000000-0000-0000-0000-000000000000",
        "Instance" : "",
        "Name" : "gs",
        "Server" : "CUSTOMAPP02AUE"
      },
      "GSStationInfo" : {
        "CallLetters" : "CCOMR",
        "ID" : 241,
        "Name" : "iHeartChristmas Classics"
      },
      "ServiceAddress" : "10.162.3.241"
    }
  },

  {
    "StationID" : "5333ee48-33c5-443d-9664-f31c21388d9d",
    "StationName" : "iHeartChristmas Country",
    "GSelectorSettings" : {
      "GSDatabaseInfo" : {
        "Description" : "Default",
        "Guid" : "00000000-0000-0000-0000-000000000000",
        "Instance" : "",
        "Name" : "gs",
        "Server" : "CUSTOMAPP02AUE"
      },
      "GSStationInfo" : {
        "CallLetters" : "CCOMR",
        "ID" : 240,
        "Name" : "iHeartChristmas Country"
      },
      "ServiceAddress" : "10.162.3.241"
    }
  },


  {
    "StationID" : "462386d3-a7a0-47c8-8f78-f1fac5bc9dae",
    "StationName" : "iHeartChristmas",
    "GSelectorSettings" : {
      "GSDatabaseInfo" : {
        "Description" : "Default",
        "Guid" : "00000000-0000-0000-0000-000000000000",
        "Instance" : "",
        "Name" : "gs",
        "Server" : "CUSTOMAPP02AUE"
      },
      "GSStationInfo" : {
        "CallLetters" : "CCOMR",
        "ID" : 266,
        "Name" : "iHeartChristmas"
      },
      "ServiceAddress" : "10.162.3.241"
    }
  },

  {
    "StationID" : "d6b340b2-26b3-4b98-be71-8ecbed4866bb",
    "StationName" : "Motown Sounds",
    "GSelectorSettings" : {
      "GSDatabaseInfo" : {
        "Description" : "Default",
        "Guid" : "00000000-0000-0000-0000-000000000000",
        "Instance" : "",
        "Name" : "gs",
        "Server" : "CUSTOMAPP02AUE"
      },
      "GSStationInfo" : {
        "CallLetters" : "CCOMR",
        "ID" : 211,
        "Name" : "Motown"
      },
      "ServiceAddress" : "10.162.3.241"
    }
  },

  {
    "StationID" : "38b0787e-88fd-427e-b135-b6ef2cf066ce",
    "StationName" : "Beatles and Friends",
    "GSelectorSettings" : {
      "GSDatabaseInfo" : {
        "Description" : "Default",
        "Guid" : "00000000-0000-0000-0000-000000000000",
        "Instance" : "",
        "Name" : "gs",
        "Server" : "CUSTOMAPP02AUE"
      },
      "GSStationInfo" : {
        "CallLetters" : "CCOMR",
        "ID" : 129,
        "Name" : "Beatles and Friends"
      },
      "ServiceAddress" : "10.162.3.241"
    }
  },

  {
    "StationID" : "53d6096f-f391-43f9-9149-f2fe48aa594e",
    "StationName" : "Real Fun Beach Radio",
    "GSelectorSettings" : {
      "GSDatabaseInfo" : {
        "Description" : "Default",
        "Guid" : "00000000-0000-0000-0000-000000000000",
        "Instance" : "",
        "Name" : "gs",
        "Server" : "CUSTOMAPP02AUE"
      },
      "GSStationInfo" : {
        "CallLetters" : "CCOMR",
        "ID" : 112,
        "Name" : "Real Fun Beach"
      },
      "ServiceAddress" : "10.162.3.241"
    }
  },

  {
    "StationID" : "4bfab3fd-ae44-4a1b-a4c8-c93303a054c0",
    "StationName" : "Smells Like the 90s",
    "GSelectorSettings" : {
      "GSDatabaseInfo" : {
        "Description" : "Default",
        "Guid" : "00000000-0000-0000-0000-000000000000",
        "Instance" : "",
        "Name" : "gs",
        "Server" : "CUSTOMAPP02AUE"
      },
      "GSStationInfo" : {
        "CallLetters" : "CCOMR",
        "ID" : 167,
        "Name" : "Smells Like The 90s"
      },
      "ServiceAddress" : "10.162.3.241"
    }
  },

  {
    "StationName" : "Tiger Team Radio",
    "StationID" : "d2e6ffc8-963a-27a5-3609-1bce6d2b145e",
    "GSelectorSettings" : {
      "GSDatabaseInfo" : {
        "Description" : "Default",
        "Guid" : "00000000-0000-0000-0000-000000000000",
        "Instance" : "",
        "Name" : "gs",
        "Server" : "DIGITALCEN01AUE"
      },
      "GSStationInfo" : {
        "CallLetters" : "IHEARTMEDIA6",
        "ID" : 25,
        "Name" : "Tiger Team Radio"
      },
      "ServiceAddress" : "10.162.3.171"
    }
  },


  {
    "StationID" : "fccbb48a-744e-4742-8f53-e6f344cc1328",
    "StationName" : "Hip Hop Workout Radio",
    "GSelectorSettings" : {
      "GSDatabaseInfo" : {
        "Description" : "Default",
        "Guid" : "00000000-0000-0000-0000-000000000000",
        "Instance" : "",
        "Name" : "gs",
        "Server" : "CUSTOMAPP02AUE"
      },
      "GSStationInfo" : {
        "CallLetters" : "CCOMR",
        "ID" : 210,
        "Name" : "Workout Hip Hop"
      },
      "ServiceAddress" : "10.162.3.241"
    }
  },

  {
    "StationID" : "f27a463e-7668-44f7-919c-912a38e4b77e",
    "StationName" : "The Breeze",
    "GSelectorSettings" : {
      "GSDatabaseInfo" : {
        "Description" : "Default",
        "Guid" : "00000000-0000-0000-0000-000000000000",
        "Instance" : "",
        "Name" : "gs",
        "Server" : "DIGITALCEN01AUE"
      },
      "GSStationInfo" : {
        "CallLetters" : "IHEARTMEDIA6",
        "ID" : 33,
        "Name" : "The Breeze National Digital"
      },
      "ServiceAddress" : "10.162.3.171"
    }
  },

  {
    "StationID" : "ab09755b-4fc9-4ed9-9b4e-28c9a03b8759",
    "StationName" : "Kids Hits",
    "GSelectorSettings" : {
      "GSDatabaseInfo" : {
        "Description" : "Default",
        "Guid" : "00000000-0000-0000-0000-000000000000",
        "Instance" : "",
        "Name" : "gs",
        "Server" : "CUSTOMAPP02AUE"
      },
      "GSStationInfo" : {
        "CallLetters" : "CCOMR",
        "ID" : 195,
        "Name" : "Kids Hits"
      },
      "ServiceAddress" : "10.162.3.241"
    }
  },

  {
    "StationID" : "c66e6dd6-f7c5-498a-8d13-2dc8b05db3ea",
    "StationName" : "24 Hour Cardio Mix",
    "GSelectorSettings" : {
      "GSDatabaseInfo" : {
        "Description" : "Default",
        "Guid" : "00000000-0000-0000-0000-000000000000",
        "Instance" : "",
        "Name" : "gs",
        "Server" : "CUSTOMAPP02AUE"
      },
      "GSStationInfo" : {
        "CallLetters" : "CCOMR",
        "ID" : 114,
        "Name" : "Workout Cardio"
      },
      "ServiceAddress" : "10.162.3.241"
    }
  },

  {
    "StationID" : "9b419640-ae0c-4957-a739-ff15006e4af3",
    "StationName" : "Indie Radio",
    "GSelectorSettings" : {
      "GSDatabaseInfo" : {
        "Description" : "Default",
        "Guid" : "00000000-0000-0000-0000-000000000000",
        "Instance" : "",
        "Name" : "gs",
        "Server" : "CUSTOMAPP02AUE"
      },
      "GSStationInfo" : {
        "CallLetters" : "CCOMR",
        "ID" : 248,
        "Name" : "iHR INDIE - Zetta Cloud Auto Schedule"
      },
      "ServiceAddress" : "10.162.3.241"
    }
  },

  {
    "StationID" : "850cba1f-0b43-4ce8-9841-c8ef0f4a3b64",
    "StationName" : "Strictly Blues",
    "GSelectorSettings" : {
      "GSDatabaseInfo" : {
        "Description" : "Default",
        "Guid" : "00000000-0000-0000-0000-000000000000",
        "Instance" : "",
        "Name" : "gs",
        "Server" : "CUSTOMAPP02AUE"
      },
      "GSStationInfo" : {
        "CallLetters" : "CCOMR",
        "ID" : 253,
        "Name" : "Strictly Blues Radio"
      },
      "ServiceAddress" : "10.162.3.241"
    }
  },

  {
    "StationID" : "c7a4cdf9-da78-486d-819c-d0703ea7188b",
    "StationName" : "Slippery When Wet",
    "GSelectorSettings" : {
      "GSDatabaseInfo" : {
        "Description" : "Default",
        "Guid" : "00000000-0000-0000-0000-000000000000",
        "Instance" : "",
        "Name" : "gs",
        "Server" : "CUSTOMAPP02AUE"
      },
      "GSStationInfo" : {
        "CallLetters" : "CCOMR",
        "ID" : 161,
        "Name" : "SWW"
      },
      "ServiceAddress" : "10.162.3.241"
    }
  },

  {
    "StationName" : "MS Moves Radio",
    "StationID" : "ed7253e8-c672-9c70-fbeb-2db78714aee5",
    "GSelectorSettings" : {
      "GSDatabaseInfo" : {
        "Description" : "Default",
        "Guid" : "00000000-0000-0000-0000-000000000000",
        "Instance" : "",
        "Name" : "gs",
        "Server" : "DIGITALCEN01AUE"
      },
      "GSStationInfo" : {
        "CallLetters" : "IHEARTMEDIA6",
        "ID" : 26,
        "Name" : "MS Vibes Radio (Novartis)"
      },
      "ServiceAddress" : "10.162.3.171"
    }
  },

  {
    "StationID" : "11306289-a31d-4762-b723-18f5a74bae35",
    "StationName" : "Summer Festival JaMs",
    "GSelectorSettings" : {
      "GSDatabaseInfo" : {
        "Description" : "Default",
        "Guid" : "00000000-0000-0000-0000-000000000000",
        "Instance" : "",
        "Name" : "gs",
        "Server" : "CUSTOMAPP02AUE"
      },
      "GSStationInfo" : {
        "CallLetters" : "CCOMR",
        "ID" : 87,
        "Name" : "Summer Festival JaMs"
      },
      "ServiceAddress" : "10.162.3.241"
    }
  },

  {
    "StationID" : "e80f9bef-2b8a-4198-85c0-9216b1b9087c",
    "StationName" : "Gen X Radio",
    "GSelectorSettings" : {
      "GSDatabaseInfo" : {
        "Description" : "Default",
        "Guid" : "00000000-0000-0000-0000-000000000000",
        "Instance" : "",
        "Name" : "gs",
        "Server" : "CUSTOMAPP02AUE"
      },
      "GSStationInfo" : {
        "CallLetters" : "CCOMR",
        "ID" : 165,
        "Name" : "GENX"
      },
      "ServiceAddress" : "10.162.3.241"
    }
  },

  {
    "StationID" : "d28f9e3f-f13a-44e9-975c-2ef9daca34ff",
    "StationName" : "Better Days Radio",
    "GSelectorSettings" : {
      "GSDatabaseInfo" : {
        "Description" : "Default",
        "Guid" : "00000000-0000-0000-0000-000000000000",
        "Instance" : "",
        "Name" : "gs",
        "Server" : "CUSTOMAPP02AUE"
      },
      "GSStationInfo" : {
        "CallLetters" : "CCOMR",
        "ID" : 226,
        "Name" : "Better Days Radio"
      },
      "ServiceAddress" : "10.162.3.241"
    }
  },

  {
    "StationID" : "7c307123-0064-4d04-92be-7ade77e0a991",
    "StationName" : "Popcorn Radio",
    "GSelectorSettings" : {
      "GSDatabaseInfo" : {
        "Description" : "Default",
        "Guid" : "00000000-0000-0000-0000-000000000000",
        "Instance" : "",
        "Name" : "gs",
        "Server" : "CUSTOMAPP02AUE"
      },
      "GSStationInfo" : {
        "CallLetters" : "CCOMR",
        "ID" : 215,
        "Name" : "Popcorn Radio"
      },
      "ServiceAddress" : "10.162.3.241"
    }
  },

  {
    "StationID" : "0ceade0e-e090-4f0c-9dda-095409204386",
    "StationName" : "ALT2K",
    "GSelectorSettings" : {
      "GSDatabaseInfo" : {
        "Description" : "Default",
        "Guid" : "00000000-0000-0000-0000-000000000000",
        "Instance" : "",
        "Name" : "gs",
        "Server" : "CUSTOMAPP02AUE"
      },
      "GSStationInfo" : {
        "CallLetters" : "CCOMR",
        "ID" : 206,
        "Name" : "ALT2K"
      },
      "ServiceAddress" : "10.162.3.241"
    }
  },

  {
    "StationID" : "ae14f904-9482-4208-8a38-7001004653cb",
    "StationName" : "iHeartCountry 80s Radio",
    "GSelectorSettings" : {
      "GSDatabaseInfo" : {
        "Description" : "Default",
        "Guid" : "00000000-0000-0000-0000-000000000000",
        "Instance" : "",
        "Name" : "gs",
        "Server" : "CUSTOMAPP02AUE"
      },
      "GSStationInfo" : {
        "CallLetters" : "CCOMR",
        "ID" : 261,
        "Name" : "80s Country Radio"
      },
      "ServiceAddress" : "10.162.3.241"
    }
  },

  {
    "StationID" : "94067ef4-1230-4e7b-bb18-667bd16fab22",
    "StationName" : "iHeartCountry 90s Radio",
    "GSelectorSettings" : {
      "GSDatabaseInfo" : {
        "Description" : "Default",
        "Guid" : "00000000-0000-0000-0000-000000000000",
        "Instance" : "",
        "Name" : "gs",
        "Server" : "CUSTOMAPP02AUE"
      },
      "GSStationInfo" : {
        "CallLetters" : "CCOMR",
        "ID" : 192,
        "Name" : "90s Country"
      },
      "ServiceAddress" : "10.162.3.241"
    }
  },

  {
    "StationID" : "a82aa3df-66fb-45c8-b11b-2ac4ec389595",
    "StationName" : "Atlantis Radio",
    "GSelectorSettings" : {
      "GSDatabaseInfo" : {
        "Description" : "Default",
        "Guid" : "00000000-0000-0000-0000-000000000000",
        "Instance" : "",
        "Name" : "gs",
        "Server" : "CUSTOMAPP02AUE"
      },
      "GSStationInfo" : {
        "CallLetters" : "CCOMR",
        "ID" : 216,
        "Name" : "Atlantis - 31 days"
      },
      "ServiceAddress" : "10.162.3.241"
    }
  },

  {
    "StationID" : "2448fec2-3831-4bf5-8a2c-b8a7af0ff404",
    "StationName" : "iHeart90s Radio",
    "GSelectorSettings" : {
      "GSDatabaseInfo" : {
        "Description" : "Default",
        "Guid" : "00000000-0000-0000-0000-000000000000",
        "Instance" : "",
        "Name" : "gs",
        "Server" : "CUSTOMAPP02AUE"
      },
      "GSStationInfo" : {
        "CallLetters" : "CCOMR",
        "ID" : 235,
        "Name" : "iHR 90s"
      },
      "ServiceAddress" : "10.162.3.241"
    }
  },

  {
    "StationID" : "2cd7f553-4900-4318-aa97-84a59457c09d",
    "StationName" : "iHeart2000s Radio",
    "GSelectorSettings" : {
      "GSDatabaseInfo" : {
        "Description" : "Default",
        "Guid" : "00000000-0000-0000-0000-000000000000",
        "Instance" : "",
        "Name" : "gs",
        "Server" : "CUSTOMAPP02AUE"
      },
      "GSStationInfo" : {
        "CallLetters" : "CCOMR",
        "ID" : 236,
        "Name" : "iHR 2000s"
      },
      "ServiceAddress" : "10.162.3.241"
    }
  },

  {
    "StationName" : "HBCU Homecoming Celebration",
    "StationID" : "3d446b29-f494-0417-a56d-bf7b3d825a23",
    "GSelectorSettings" : {
      "GSDatabaseInfo" : {
        "Description" : "Default",
        "Guid" : "00000000-0000-0000-0000-000000000000",
        "Instance" : "",
        "Name" : "gs",
        "Server" : "DIGITALCEN01AUE"
      },
      "GSStationInfo" : {
        "CallLetters" : "IHEARTMEDIA6",
        "ID" : 28,
        "Name" : "HBCU Homecoming Celebration"
      },
      "ServiceAddress" : "10.162.3.171"
    }
  },

  {
    "StationID" : "7528d115-b784-4c7b-bfe8-631feede8de5",
    "StationName" : "Bonnaroo Radio",
    "GSelectorSettings" : {
      "GSDatabaseInfo" : {
        "Description" : "Default",
        "Guid" : "00000000-0000-0000-0000-000000000000",
        "Instance" : "",
        "Name" : "gs",
        "Server" : "CUSTOMAPP02AUE"
      },
      "GSStationInfo" : {
        "CallLetters" : "CCOMR",
        "ID" : 218,
        "Name" : "Bonnaroo"
      },
      "ServiceAddress" : "10.162.3.241"
    }
  },


  {
    "StationID" : "b56aaca4-0848-42b7-8378-ee29e6e4e743",
    "StationName" : "Reggaeton Radio",
    "GSelectorSettings" : {
      "GSDatabaseInfo" : {
        "Description" : "Default",
        "Guid" : "00000000-0000-0000-0000-000000000000",
        "Instance" : "",
        "Name" : "gs",
        "Server" : "CUSTOMAPP02AUE"
      },
      "GSStationInfo" : {
        "CallLetters" : "CCOMR",
        "ID" : 220,
        "Name" : "Reggaeton Radio"
      },
      "ServiceAddress" : "10.162.3.241"
    }
  },


  {
    "StationID" : "506305c1-c7b8-4718-ae90-085d1e4e09fd",
    "StationName" : "iHeartCountry Family",
    "GSelectorSettings" : {
      "GSDatabaseInfo" : {
        "Description" : "Default",
        "Guid" : "00000000-0000-0000-0000-000000000000",
        "Instance" : "",
        "Name" : "gs",
        "Server" : "CUSTOMAPP02AUE"
      },
      "GSStationInfo" : {
        "CallLetters" : "CCOMR",
        "ID" : 229,
        "Name" : "iHeartCountry Family"
      },
      "ServiceAddress" : "10.162.3.241"
    }
  },


  {
    "StationID" : "0d4b29a7-4547-436e-89b1-ce54cdb98be4",
    "StationName" : "iHeartRadio Café",
    "GSelectorSettings" : {
      "GSDatabaseInfo" : {
        "Description" : "Default",
        "Guid" : "00000000-0000-0000-0000-000000000000",
        "Instance" : "",
        "Name" : "gs",
        "Server" : "CUSTOMAPP02AUE"
      },
      "GSStationInfo" : {
        "CallLetters" : "CCOMR",
        "ID" : 237,
        "Name" : "iHR Cafe"
      },
      "ServiceAddress" : "10.162.3.241"
    }
  },


  {
    "StationID" : "5220f3fb-6f7b-4af4-b8b7-7b64a925ea71",
    "StationName" : "Pride Radio Flashback",
    "GSelectorSettings" : {
      "GSDatabaseInfo" : {
        "Description" : "Default",
        "Guid" : "00000000-0000-0000-0000-000000000000",
        "Instance" : "",
        "Name" : "gs",
        "Server" : "CUSTOMAPP02AUE"
      },
      "GSStationInfo" : {
        "CallLetters" : "CCOMR",
        "ID" : 239,
        "Name" : "Pride Radio Flashback"
      },
      "ServiceAddress" : "10.162.3.241"
    }
  },


  {
    "StationID" : "486b3117-7951-4ad9-90d2-b302b75192ff",
    "StationName" : "May the 4th",
    "GSelectorSettings" : {
      "GSDatabaseInfo" : {
        "Description" : "Default",
        "Guid" : "00000000-0000-0000-0000-000000000000",
        "Instance" : "",
        "Name" : "gs",
        "Server" : "CUSTOMAPP02AUE"
      },
      "GSStationInfo" : {
        "CallLetters" : "CCOMR",
        "ID" : 219,
        "Name" : "May The 4th"
      },
      "ServiceAddress" : "10.162.3.241"
    }
  },


  {
    "StationID" : "1ad30e5c-1874-4ab1-9cda-d45e844533bf",
    "StationName" : "Lullabies",
    "GSelectorSettings" : {
      "GSDatabaseInfo" : {
        "Description" : "Default",
        "Guid" : "00000000-0000-0000-0000-000000000000",
        "Instance" : "",
        "Name" : "gs",
        "Server" : "CUSTOMAPP02AUE"
      },
      "GSStationInfo" : {
        "CallLetters" : "CCOMR",
        "ID" : 198,
        "Name" : "Lullabies - 31 Days"
      },
      "ServiceAddress" : "10.162.3.241"
    }
  },


  {
    "StationID" : "7d6b2980-9478-41e0-b8a1-a15d9296bfc0",
    "StationName" : "Latino Hits",
    "GSelectorSettings" : {
      "GSDatabaseInfo" : {
        "Description" : "Default",
        "Guid" : "00000000-0000-0000-0000-000000000000",
        "Instance" : "",
        "Name" : "gs",
        "Server" : "CUSTOMAPP02AUE"
      },
      "GSStationInfo" : {
        "CallLetters" : "CCOMR",
        "ID" : 259,
        "Name" : "Latino Hits"
      },
      "ServiceAddress" : "10.162.3.241"
    }
  },


  {
    "StationID" : "a29cc148-435d-43a6-9547-259d1a84562e",
    "StationName" : "Salsa Bembé",
    "GSelectorSettings" : {
      "GSDatabaseInfo" : {
        "Description" : "Default",
        "Guid" : "00000000-0000-0000-0000-000000000000",
        "Instance" : "",
        "Name" : "gs",
        "Server" : "CUSTOMAPP02AUE"
      },
      "GSStationInfo" : {
        "CallLetters" : "CCOMR",
        "ID" : 260,
        "Name" : "Salsa Bembe"
      },
      "ServiceAddress" : "10.162.3.241"
    }
  },


  {
    "StationID" : "126e182c-d271-4890-bb4c-d8e9be8265f7",
    "StationName" : "Fiesta Latina",
    "GSelectorSettings" : {
      "GSDatabaseInfo" : {
        "Description" : "Default",
        "Guid" : "00000000-0000-0000-0000-000000000000",
        "Instance" : "",
        "Name" : "gs",
        "Server" : "CUSTOMAPP02AUE"
      },
      "GSStationInfo" : {
        "CallLetters" : "CCOMR",
        "ID" : 258,
        "Name" : "Fiesta Latina"
      },
      "ServiceAddress" : "10.162.3.241"
    }
  },


  {
    "StationID" : "7dd694b2-279b-44d2-8c69-380c54c492d5",
    "StationName" : "The iHeartECO Channel",
    "GSelectorSettings" : {
      "GSDatabaseInfo" : {
        "Description" : "Default",
        "Guid" : "00000000-0000-0000-0000-000000000000",
        "Instance" : "",
        "Name" : "gs",
        "Server" : "DIGITALCEN01AUE"
      },
      "GSStationInfo" : {
        "CallLetters" : "IHEARTMEDIA6",
        "ID" : 34,
        "Name" : "iHeartECO Podcast Channel"
      },
      "ServiceAddress" : "10.162.3.171"
    }
  },


  {
    "StationID" : "ded06ba0-bad0-4bb4-80c8-078e023b64d9",
    "StationName" : "Build-A-Bear Radio",
    "GSelectorSettings" : {
      "GSDatabaseInfo" : {
        "Description" : "Default",
        "Guid" : "00000000-0000-0000-0000-000000000000",
        "Instance" : "",
        "Name" : "gs",
        "Server" : "CUSTOMAPP02AUE"
      },
      "GSStationInfo" : {
        "CallLetters" : "CCOMR",
        "ID" : 214,
        "Name" : "Build A Bear"
      },
      "ServiceAddress" : "10.162.3.241"
    }
  },


  {
    "StationID" : "240c8ec6-87b6-4c36-93ea-429e6675a4c0",
    "StationName" : "Zoom Tan Radio",
    "GSelectorSettings" : {
      "GSDatabaseInfo" : {
        "Description" : "Default",
        "Guid" : "00000000-0000-0000-0000-000000000000",
        "Instance" : "",
        "Name" : "gs",
        "Server" : "DIGITALCEN01AUE"
      },
      "GSStationInfo" : {
        "CallLetters" : "IHEARTMEDIA6",
        "ID" : 31,
        "Name" : "Zoom Tan Radio"
      },
      "ServiceAddress" : "10.162.3.171"
    }
  },


  {
    "StationID" : "48096791-7680-4a45-8238-c6082beef0b6",
    "StationName" : "Lexus Radio",
    "GSelectorSettings" : {
      "GSDatabaseInfo" : {
        "Description" : "Default",
        "Guid" : "00000000-0000-0000-0000-000000000000",
        "Instance" : "",
        "Name" : "gs",
        "Server" : "DIGITALCEN01AUE"
      },
      "GSStationInfo" : {
        "CallLetters" : "IHEARTMEDIA6",
        "ID" : 30,
        "Name" : "Lexus Radio"
      },
      "ServiceAddress" : "10.162.3.171"
    }
  },


  {
    "StationID" : "d8d53f93-2410-4dc6-afe6-92692249b82e",
    "StationName" : "Punk Tacos Radio",
    "GSelectorSettings" : {
      "GSDatabaseInfo" : {
        "Description" : "Default",
        "Guid" : "00000000-0000-0000-0000-000000000000",
        "Instance" : "",
        "Name" : "gs",
        "Server" : "CUSTOMAPP02AUE"
      },
      "GSStationInfo" : {
        "CallLetters" : "CCOMR",
        "ID" : 243,
        "Name" : "PUNK Tacos"
      },
      "ServiceAddress" : "10.162.3.241"
    }
  },

  {
    "StationID" : "a5e77bcf-671f-4b1c-93e6-ca6a04896dd0",
    "StationName" : "Terrible's Tunes",
    "GSelectorSettings" : {
      "GSDatabaseInfo" : {
        "Description" : "Default",
        "Guid" : "00000000-0000-0000-0000-000000000000",
        "Instance" : "",
        "Name" : "gs",
        "Server" : "DIGITALCEN01AUE"
      },
      "GSStationInfo" : {
        "CallLetters" : "IHEARTMEDIA6",
        "ID" : 1,
        "Name" : "Terrible's Tunes"
      },
      "ServiceAddress" : "10.162.3.171"
    }
  },


  {
    "StationID" : "8e1b65e0-ce03-485b-8615-a289edfc95d7",
    "StationName" : "CMA Radio",
    "GSelectorSettings" : {
      "GSDatabaseInfo" : {
        "Description" : "Default",
        "Guid" : "00000000-0000-0000-0000-000000000000",
        "Instance" : "",
        "Name" : "gs",
        "Server" : "CUSTOMAPP02AUE"
      },
      "GSStationInfo" : {
        "CallLetters" : "IHC-MASTER 2",
        "ID" : 228,
        "Name" : "CMA"
      },
      "ServiceAddress" : "10.162.3.241"
    }
  },


  {
    "StationID" : "faf50a42-91ef-40c6-a639-f77f09c4ff50",
    "StationName" : "Full Metal Jackie",
    "GSelectorSettings" : {
      "GSDatabaseInfo" : {
        "Description" : "Default",
        "Guid" : "00000000-0000-0000-0000-000000000000",
        "Instance" : "",
        "Name" : "gs",
        "Server" : "CUSTOMAPP02AUE"
      },
      "GSStationInfo" : {
        "CallLetters" : "CCOMR",
        "ID" : 225,
        "Name" : "Full Metal Jackie"
      },
      "ServiceAddress" : "10.162.3.241"
    }
  },


  {
    "StationID" : "54a10fae-9c77-4de8-8f6f-ce07302ed90c",
    "StationName" : "The Breeze Network Simulcast",
    "GSelectorSettings" : {
      "GSDatabaseInfo" : {
        "Description" : "Default",
        "Guid" : "00000000-0000-0000-0000-000000000000",
        "Instance" : "",
        "Name" : "gs",
        "Server" : "DIGITALCEN01AUE"
      },
      "GSStationInfo" : {
        "CallLetters" : "IHEARTMEDIA6",
        "ID" : 32,
        "Name" : "Breeze Network"
      },
      "ServiceAddress" : "10.162.3.171"
    }
  }
]
